username,firstname,lastname,email,course1,course2,course3,course4,course5,course6,course7,course8,course9,course10,course11,course12,course13,course14,course15,course16,course17,course18,course19,course20,course21,course22,course23,course24,course25,course26,course27,course28,course29,course30,course31,course32,course33,course34,course35,course36,cohort1
1087553288,Colorado Toro,,oscar-colo@hotmail.com,3,36,37,38,27,29,29,30,31,32,33,34,15,16,17,18,19,20,21,22,23,24,25,26,3,6,7,8,9,10,11,12,13,14,5,4,1
1095819544,Jonathan Ferney, Bernal Porras,JBFERNEY28@GMAIL.COM,3,36,37,38,27,29,29,30,31,32,33,34,15,16,17,18,19,20,21,22,23,24,25,26,3,6,7,8,9,10,11,12,13,14,5,4,1
65751121,Johana Andreina, Hern·ndez RodrÌguez,jandreina224@gmail.com,3,36,37,38,27,29,29,30,31,32,33,34,15,16,17,18,19,20,21,22,23,24,25,26,3,6,7,8,9,10,11,12,13,14,5,4,1
59827224,Martinez,0maira Janeth,janehthm77@gmail.com,3,36,37,38,27,29,29,30,31,32,33,34,15,16,17,18,19,20,21,22,23,24,25,26,3,6,7,8,9,10,11,12,13,14,5,4,1
17815106,Rios Duqur,0scar Rios,industriaspuntok@gmail.com,3,36,37,38,27,29,29,30,31,32,33,34,15,16,17,18,19,20,21,22,23,24,25,26,3,6,7,8,9,10,11,12,13,14,5,4,1
1088290239,Moreno Palacios,1088290239yinny Yadira,Morena.9412@hotmail.com,3,36,37,38,27,29,29,30,31,32,33,34,15,16,17,18,19,20,21,22,23,24,25,26,3,6,7,8,9,10,11,12,13,14,5,4,1
39299284,Hernandez Castro,39299284,puntacaribana@gmail.com,,,,,,,,,,,,,,,,,,,,,,,,,,,,,,,,,,,,,1
2112639,Segundo Benjamin,: Fandi—o,fady.2113@gmail.com,3,36,37,38,27,29,29,30,31,32,33,34,15,16,17,18,19,20,21,22,23,24,25,26,3,6,7,8,9,10,11,12,13,14,5,4,1
1140903260,Jimenez Rodriguez,Aaron Gilberto,aaronjr2015@gmail.com,3,36,37,38,27,29,29,30,31,32,33,34,15,16,17,18,19,20,21,22,23,24,25,26,3,6,7,8,9,10,11,12,13,14,5,4,1
1088287413,Ana Milena,Abad Mu,abad1991@hotmail.com,3,36,37,38,27,29,29,30,31,32,33,34,15,16,17,18,19,20,21,22,23,24,25,26,3,6,7,8,9,10,11,12,13,14,5,4,1
1088277604,C,Abad Salazar,maniche_1818@hotmail.com,3,36,37,38,27,29,29,30,31,32,33,34,15,16,17,18,19,20,21,22,23,24,25,26,3,6,7,8,9,10,11,12,13,14,5,4,1
1112762027,Cristian David,Abadia Mafla,cririp19@hotmail.com,3,36,37,38,27,29,29,30,31,32,33,34,15,16,17,18,19,20,21,22,23,24,25,26,3,6,7,8,9,10,11,12,13,14,5,4,1
77171052,Orozco,Abdias,abdiasorozco@hotmail.com,3,36,37,38,27,29,29,30,31,32,33,34,15,16,17,18,19,20,21,22,23,24,25,26,3,6,7,8,9,10,11,12,13,14,5,4,1
91432730,Fonseca Rincon,Abdrubal,abdrubalrincon@hotmail.com,3,36,37,38,27,29,29,30,31,32,33,34,15,16,17,18,19,20,21,22,23,24,25,26,3,6,7,8,9,10,11,12,13,14,5,4,1
13278413,Laiseca Candelo,Abdul Fabian,abdul.laiseca@megaterios.co,3,36,37,38,27,29,29,30,31,32,33,34,15,16,17,18,19,20,21,22,23,24,25,26,3,6,7,8,9,10,11,12,13,14,5,4,1
1127609944,Muhamad Hernandez,Abdul latif,komegrasventas@gmail.com,3,36,37,38,27,29,29,30,31,32,33,34,15,16,17,18,19,20,21,22,23,24,25,26,3,6,7,8,9,10,11,12,13,14,5,4,1
79610781,Rubio,Abeiro,a.beiro71_r@gmail.com,3,36,37,38,27,29,29,30,31,32,33,34,15,16,17,18,19,20,21,22,23,24,25,26,3,6,7,8,9,10,11,12,13,14,5,4,1
1001889290,Amaris Romero,Abel,junioramaris27@gmail.com,3,36,37,38,27,29,29,30,31,32,33,34,15,16,17,18,19,20,21,22,23,24,25,26,3,6,7,8,9,10,11,12,13,14,5,4,1
72141933,Arcon Pertuz,Abel,abelarconpertuz@hotmail.com,3,36,37,38,27,29,29,30,31,32,33,34,15,16,17,18,19,20,21,22,23,24,25,26,3,6,7,8,9,10,11,12,13,14,5,4,1
91530556,Bola—o G”mez,Abel,white_ernest@hotmail.com,3,36,37,38,27,29,29,30,31,32,33,34,15,16,17,18,19,20,21,22,23,24,25,26,3,6,7,8,9,10,11,12,13,14,5,4,1
900462135,Diaz,Abel,fuquen3@hotmail.com,3,36,37,38,27,29,29,30,31,32,33,34,15,16,17,18,19,20,21,22,23,24,25,26,3,6,7,8,9,10,11,12,13,14,5,4,1
5436813,Esteban Pe—a,Abel,abeli3939@gmail.com,,,,,,,,,,,,,,,,,,,,,,,,,,,,,,,,,,,,,1
73076328,Quintana PÈrez,Abel,quintana328@hotmail.com,3,36,37,38,27,29,29,30,31,32,33,34,15,16,17,18,19,20,21,22,23,24,25,26,3,6,7,8,9,10,11,12,13,14,5,4,1
1001854679,Ramos,Abel,abelromo01@gmail.com,3,36,37,38,27,29,29,30,31,32,33,34,15,16,17,18,19,20,21,22,23,24,25,26,3,6,7,8,9,10,11,12,13,14,5,4,1
13723347,Suarez Vargas,Abel,puntoeducativo17@gmail.com,3,36,37,38,27,29,29,30,31,32,33,34,15,16,17,18,19,20,21,22,23,24,25,26,3,6,7,8,9,10,11,12,13,14,5,4,1
96189414,Villamizar Morante,Abel,yuliana-stefany@hotmail.com,3,36,37,38,27,29,29,30,31,32,33,34,15,16,17,18,19,20,21,22,23,24,25,26,3,6,7,8,9,10,11,12,13,14,5,4,1
72302428,Vloria Gomez,Abel,abelvgomez2428@hotmal.com,3,36,37,38,27,29,29,30,31,32,33,34,15,16,17,18,19,20,21,22,23,24,25,26,3,6,7,8,9,10,11,12,13,14,5,4,1
1116801780,Castillo Ramos,Abel Alejandro,alejo-castillo-17@hotmail.com,3,36,37,38,27,29,29,30,31,32,33,34,15,16,17,18,19,20,21,22,23,24,25,26,3,6,7,8,9,10,11,12,13,14,5,4,1
79393135,Arango Rodriguez,Abel Antonio,arangorodriguez@gmail.com,3,36,37,38,27,29,29,30,31,32,33,34,15,16,17,18,19,20,21,22,23,24,25,26,3,6,7,8,9,10,11,12,13,14,5,4,1
1001876543,CaÒate Pacheco,Abel Antonio,abcp2311@hotmail.com,3,36,37,38,27,29,29,30,31,32,33,34,15,16,17,18,19,20,21,22,23,24,25,26,3,6,7,8,9,10,11,12,13,14,5,4,1
93373071,Villegas,Abel Antonio,infoeruesdecolores@gmail.com,3,36,37,38,27,29,29,30,31,32,33,34,15,16,17,18,19,20,21,22,23,24,25,26,3,6,7,8,9,10,11,12,13,14,5,4,1
14220669,Cartagena Londono,Abel Armando,cartagena.aa09@hotmail.com,3,36,37,38,27,29,29,30,31,32,33,34,15,16,17,18,19,20,21,22,23,24,25,26,3,6,7,8,9,10,11,12,13,14,5,4,1
1129582966,Abel Benites,Abel Benites,abelbeitez243@gmail.com,3,36,37,38,27,29,29,30,31,32,33,34,15,16,17,18,19,20,21,22,23,24,25,26,3,6,7,8,9,10,11,12,13,14,5,4,1
1045730154,Camacho Polo,Abel De Jesus,abelcamacho@outlook.es,3,36,37,38,27,29,29,30,31,32,33,34,15,16,17,18,19,20,21,22,23,24,25,26,3,6,7,8,9,10,11,12,13,14,5,4,1
1051821903,Machao Herrera,Abel De Jesus,abelmachadoherrera@hotmail.com,3,36,37,38,27,29,29,30,31,32,33,34,15,16,17,18,19,20,21,22,23,24,25,26,3,6,7,8,9,10,11,12,13,14,5,4,1
15050945,Perez  Vega,Abel Del Cristo,PARR23A@HOTMAIL.COM,,,,,,,,,,,,,,,,,,,,,,,,,,,,,,,,,,,,,1
72289745,Archila Simanca,Abel Eduardo,a2a16@hotmail.com,3,36,37,38,27,29,29,30,31,32,33,34,15,16,17,18,19,20,21,22,23,24,25,26,3,6,7,8,9,10,11,12,13,14,5,4,1
19467854,Sinning CastaÒeda,Abel Enrique,abensica@mail.com,3,36,37,38,27,29,29,30,31,32,33,34,15,16,17,18,19,20,21,22,23,24,25,26,3,6,7,8,9,10,11,12,13,14,5,4,1
1045709495,Guerrero Mestre,Abel Euclides,abel_0110@hotmail.com,3,36,37,38,27,29,29,30,31,32,33,34,15,16,17,18,19,20,21,22,23,24,25,26,3,6,7,8,9,10,11,12,13,14,5,4,1
79187749,Medina Franco,Abel Fernando,fernando@pcmsoluciones.com,3,36,37,38,27,29,29,30,31,32,33,34,15,16,17,18,19,20,21,22,23,24,25,26,3,6,7,8,9,10,11,12,13,14,5,4,1
1121942876,Hernandez Villa,Abel Guillermo,mv13villa@gmail.com,3,36,37,38,27,29,29,30,31,32,33,34,15,16,17,18,19,20,21,22,23,24,25,26,3,6,7,8,9,10,11,12,13,14,5,4,1
1048285728,Charris Meza,Abel Nemesio,ancharris@gmail.com,3,36,37,38,27,29,29,30,31,32,33,34,15,16,17,18,19,20,21,22,23,24,25,26,3,6,7,8,9,10,11,12,13,14,5,4,1
1100396880,Arrieta Doria,Abel Segundo,abeloskhi77@hotmail.com,,,,,,,,,,,,,,,,,,,,,,,,,,,,,,,,,,,,,1
10479230,Balanta Carabali,Abelardo,asoemprefuturo2006@hotmail.com,3,36,37,38,27,29,29,30,31,32,33,34,15,16,17,18,19,20,21,22,23,24,25,26,3,6,7,8,9,10,11,12,13,14,5,4,1
1050945192,Jimenez Villega,Abelardo,aj-drogba@hotmail.com,3,36,37,38,27,29,29,30,31,32,33,34,15,16,17,18,19,20,21,22,23,24,25,26,3,6,7,8,9,10,11,12,13,14,5,4,1
79903778,Osorio,Abelardo,curvex0902@hotmail.com,3,36,37,38,27,29,29,30,31,32,33,34,15,16,17,18,19,20,21,22,23,24,25,26,3,6,7,8,9,10,11,12,13,14,5,4,1
72250821,Sanabria,Abelardo,absanabria@hotmail.com,,,,,,,,,,,,,,,,,,,,,,,,,,,,,,,,,,,,,1
31977412,Chara,Abelina,ASOCIACIONDEGANADEROSDELAARROBLEDA@hotmail.co,3,36,37,38,27,29,29,30,31,32,33,34,15,16,17,18,19,20,21,22,23,24,25,26,3,6,7,8,9,10,11,12,13,14,5,4,1
91041645,Cala Gutierrez,Abelino,abelinocalagutierrez@gmail.com,3,36,37,38,27,29,29,30,31,32,33,34,15,16,17,18,19,20,21,22,23,24,25,26,3,6,7,8,9,10,11,12,13,14,5,4,1
278385,Joseph,Abes Mathew,pajaro3342@hotmail.com,3,36,37,38,27,29,29,30,31,32,33,34,15,16,17,18,19,20,21,22,23,24,25,26,3,6,7,8,9,10,11,12,13,14,5,4,1
1005677848,Baez,Abigail,abypaez10@gmail.com,3,36,37,38,27,29,29,30,31,32,33,34,15,16,17,18,19,20,21,22,23,24,25,26,3,6,7,8,9,10,11,12,13,14,5,4,1
1045759152,Lopez Roya,Abigail,ABIGAILLOPEZROCHA@GMAIL.COM,3,36,37,38,27,29,29,30,31,32,33,34,15,16,17,18,19,20,21,22,23,24,25,26,3,6,7,8,9,10,11,12,13,14,5,4,1
1083453308,FandiÒo De Oro,Abimael,abimael0209@hotmail.com,3,36,37,38,27,29,29,30,31,32,33,34,15,16,17,18,19,20,21,22,23,24,25,26,3,6,7,8,9,10,11,12,13,14,5,4,1
72243545,Abimael Sempron,Abimael Sempron,abimalel@hotmail.com,,,,,,,,,,,,,,,,,,,,,,,,,,,,,,,,,,,,,1
1049619009,Montoya LÛpez,Abisain,abismonlo@gmail.com,3,36,37,38,27,29,29,30,31,32,33,34,15,16,17,18,19,20,21,22,23,24,25,26,3,6,7,8,9,10,11,12,13,14,5,4,1
1003733326,Argel Perez,Abraham,pityargel@hotmail.com,3,36,37,38,27,29,29,30,31,32,33,34,15,16,17,18,19,20,21,22,23,24,25,26,3,6,7,8,9,10,11,12,13,14,5,4,1
6709761,Atuesta Mesa,Abraham,abatme23@gmail.com,,,,,,,,,,,,,,,,,,,,,,,,,,,,,,,,,,,,,1
70470697,Bedoya,Abraham,abrahambb01@hotmail.com,3,36,37,38,27,29,29,30,31,32,33,34,15,16,17,18,19,20,21,22,23,24,25,26,3,6,7,8,9,10,11,12,13,14,5,4,1
1129576407,Gonzalez,Abraham,abrahamscoll@hotmail.com,3,36,37,38,27,29,29,30,31,32,33,34,15,16,17,18,19,20,21,22,23,24,25,26,3,6,7,8,9,10,11,12,13,14,5,4,1
11306912,Ramirez Garcia,Abraham,abraramirez2006@hotmail.com,,,,,,,,,,,,,,,,,,,,,,,,,,,,,,,,,,,,,1
14213426,Ruiz Diaz,Abraham,abrahamruizdiaz@hotmail.com,3,36,37,38,27,29,29,30,31,32,33,34,15,16,17,18,19,20,21,22,23,24,25,26,3,6,7,8,9,10,11,12,13,14,5,4,1
1193493433,De La Hoz Carmona,Abraham Alberto,habraham03@outlook.com,3,36,37,38,27,29,29,30,31,32,33,34,15,16,17,18,19,20,21,22,23,24,25,26,3,6,7,8,9,10,11,12,13,14,5,4,1
1143426576,Sanchez Perez,Abraham Antonio,abraham.a.s.p@hotmail.com,,,,,,,,,,,,,,,,,,,,,,,,,,,,,,,,,,,,,1
1048327881,Garcia Chavez,Abraham Eduardo,abgarciaonline@gmail.com,3,36,37,38,27,29,29,30,31,32,33,34,15,16,17,18,19,20,21,22,23,24,25,26,3,6,7,8,9,10,11,12,13,14,5,4,1
15025507,Ramos Negrette,Abraham Jos…,mu-ramos786@hotmail.com,,,,,,,,,,,,,,,,,,,,,,,,,,,,,,,,,,,,,1
85459488,Contreras Arrieta,Abraham Manuel,mvms1972@hotmail.com,3,36,37,38,27,29,29,30,31,32,33,34,15,16,17,18,19,20,21,22,23,24,25,26,3,6,7,8,9,10,11,12,13,14,5,4,1
1046704251,Centeno Ballesteros,Abrahan David,CRISTIANO2830@HOTMAIL.COM,3,36,37,38,27,29,29,30,31,32,33,34,15,16,17,18,19,20,21,22,23,24,25,26,3,6,7,8,9,10,11,12,13,14,5,4,1
72339952,Pantoja Rios,Abrahan De Jesus,ofilarasurtidos@gmail.com,3,36,37,38,27,29,29,30,31,32,33,34,15,16,17,18,19,20,21,22,23,24,25,26,3,6,7,8,9,10,11,12,13,14,5,4,1
1140904904,Abran Borrero Cantillo,Abran Borrero Cantillo,abrhan.borrero@hotmail.com,3,36,37,38,27,29,29,30,31,32,33,34,15,16,17,18,19,20,21,22,23,24,25,26,3,6,7,8,9,10,11,12,13,14,5,4,1
1047411696,Diaz Ortega,Abrham Jose,gregory_1026@hotmail.com,3,36,37,38,27,29,29,30,31,32,33,34,15,16,17,18,19,20,21,22,23,24,25,26,3,6,7,8,9,10,11,12,13,14,5,4,1
1000723145,Julio,Abroandi,abrobrian17_so@gmail.com,3,36,37,38,27,29,29,30,31,32,33,34,15,16,17,18,19,20,21,22,23,24,25,26,3,6,7,8,9,10,11,12,13,14,5,4,1
15916682,Arcila Arias,AbsolÛn,absolonarcila@hotmail.com,3,36,37,38,27,29,29,30,31,32,33,34,15,16,17,18,19,20,21,22,23,24,25,26,3,6,7,8,9,10,11,12,13,14,5,4,1
52187966,Jhamile,Abuabara,jhamabua@gmail.com,,,,,,,,,,,,,,,,,,,,,,,,,,,,,,,,,,,,,1
65731877,Ortegon Lozada,Acened,chenito20oct@hotmail.com,3,36,37,38,27,29,29,30,31,32,33,34,15,16,17,18,19,20,21,22,23,24,25,26,3,6,7,8,9,10,11,12,13,14,5,4,1
29663051,Tulcan,Acened,empresariodigital.valle@gmail.com,,,,,,,,,,,,,,,,,,,,,,,,,,,,,,,,,,,,,1
29900210,Edith ,Acero Acosta,edithacero@misena.edu.co,3,36,37,38,27,29,29,30,31,32,33,34,15,16,17,18,19,20,21,22,23,24,25,26,3,6,7,8,9,10,11,12,13,14,5,4,1
88224053,Leonardo Fernando,Acero Rangel,leoacero@hotmail.com,,,,,,,,,,,,,,,,,,,,,,,,,,,,,,,,,,,,,1
1088285217,Victoria Natalia,Acero Restrepo,vicky-901230@hotmail.com,3,36,37,38,27,29,29,30,31,32,33,34,15,16,17,18,19,20,21,22,23,24,25,26,3,6,7,8,9,10,11,12,13,14,5,4,1
1113785091,Mariana,Acevedo Alba,nfosorio@gmail.com,3,36,37,38,27,29,29,30,31,32,33,34,15,16,17,18,19,20,21,22,23,24,25,26,3,6,7,8,9,10,11,12,13,14,5,4,1
1093218477,Nelson Alejandro,Acevedo Baena,nea-319@hotmail.com,3,36,37,38,27,29,29,30,31,32,33,34,15,16,17,18,19,20,21,22,23,24,25,26,3,6,7,8,9,10,11,12,13,14,5,4,1
1042995852,Acevedo Gonzalez,Acevedo Gonzalez,kmaderakm2@gmail.com,3,36,37,38,27,29,29,30,31,32,33,34,15,16,17,18,19,20,21,22,23,24,25,26,3,6,7,8,9,10,11,12,13,14,5,4,1
1093215599,Lina Marcela,Acevedo Gonzalez,lolita458@hotmail.com,3,36,37,38,27,29,29,30,31,32,33,34,15,16,17,18,19,20,21,22,23,24,25,26,3,6,7,8,9,10,11,12,13,14,5,4,1
1090507423,Leidy Julieth,Acevedo Jamies,juliat721@hotmail.com,,,,,,,,,,,,,,,,,,,,,,,,,,,,,,,,,,,,,1
1087995024,Sergio Andres,Acevedo Loaiza,sergeneris@hotmail.com,3,36,37,38,27,29,29,30,31,32,33,34,15,16,17,18,19,20,21,22,23,24,25,26,3,6,7,8,9,10,11,12,13,14,5,4,1
1088285080,John Byron,Acevedo Montes,jbyron91@hotmail.com,3,36,37,38,27,29,29,30,31,32,33,34,15,16,17,18,19,20,21,22,23,24,25,26,3,6,7,8,9,10,11,12,13,14,5,4,1
1112760865,Jesus Antonio,Acevedo Moreno,gabo1016@gmail.com,3,36,37,38,27,29,29,30,31,32,33,34,15,16,17,18,19,20,21,22,23,24,25,26,3,6,7,8,9,10,11,12,13,14,5,4,1
1088274307,Diego Fernando,Acevedo Pareja,evil66_19@hotmail.com,3,36,37,38,27,29,29,30,31,32,33,34,15,16,17,18,19,20,21,22,23,24,25,26,3,6,7,8,9,10,11,12,13,14,5,4,1
1087995573,Ana Maria,Acevedo Sanchez,nana_laflaka@hotmail.com,3,36,37,38,27,29,29,30,31,32,33,34,15,16,17,18,19,20,21,22,23,24,25,26,3,6,7,8,9,10,11,12,13,14,5,4,1
1059784290,Mauricio Alejandro,Acevedo Valencia,mauro1822@hotmail.com,3,36,37,38,27,29,29,30,31,32,33,34,15,16,17,18,19,20,21,22,23,24,25,26,3,6,7,8,9,10,11,12,13,14,5,4,1
1088265817,Jehison Andres,Acevedo Vallejo,jehisonva@hotmail.com,3,36,37,38,27,29,29,30,31,32,33,34,15,16,17,18,19,20,21,22,23,24,25,26,3,6,7,8,9,10,11,12,13,14,5,4,1
1088537154,Andres,Achury Sierra,andresachury1990@hotmail.com,3,36,37,38,27,29,29,30,31,32,33,34,15,16,17,18,19,20,21,22,23,24,25,26,3,6,7,8,9,10,11,12,13,14,5,4,1
17416002,Acosta Rozo,Acizar,ciudadaniadigital9876+7@gmail.com,3,36,37,38,27,29,29,30,31,32,33,34,15,16,17,18,19,20,21,22,23,24,25,26,3,6,7,8,9,10,11,12,13,14,5,4,1
94488449,Emerson ,Acosta,emersonacosta@hotmail.com,3,36,37,38,27,29,29,30,31,32,33,34,15,16,17,18,19,20,21,22,23,24,25,26,3,6,7,8,9,10,11,12,13,14,5,4,1
79941648,Felipe,Acosta,FELIPEACOSTA@HOTMAIL.COM,,,,,,,,,,,,,,,,,,,,,,,,,,,,,,,,,,,,,1
1088241387,Laura Lucia,Acosta Arias,lacosta26@hotmail.com,3,36,37,38,27,29,29,30,31,32,33,34,15,16,17,18,19,20,21,22,23,24,25,26,3,6,7,8,9,10,11,12,13,14,5,4,1
1087999316,Lina Maria,Acosta Barreto,linitaab@yahoo.com,3,36,37,38,27,29,29,30,31,32,33,34,15,16,17,18,19,20,21,22,23,24,25,26,3,6,7,8,9,10,11,12,13,14,5,4,1
9773610,Fabian ,Acosta Duque,acostaduquefabian@gmail.com,3,36,37,38,27,29,29,30,31,32,33,34,15,16,17,18,19,20,21,22,23,24,25,26,3,6,7,8,9,10,11,12,13,14,5,4,1
55300226,Erika Patricia,Acosta Heredia,erickapacostah@gmail.com,,,,,,,,,,,,,,,,,,,,,,,,,,,,,,,,,,,,,1
18521785,C,Acosta Loaiza,acosta78418@hotmail.com,3,36,37,38,27,29,29,30,31,32,33,34,15,16,17,18,19,20,21,22,23,24,25,26,3,6,7,8,9,10,11,12,13,14,5,4,1
85081297,Daniel,Acosta Osorio,danielacostaameinsasas@gmail.com,3,36,37,38,27,29,29,30,31,32,33,34,15,16,17,18,19,20,21,22,23,24,25,26,3,6,7,8,9,10,11,12,13,14,5,4,1
1093218962,Laura Marcela,Acosta Ramos,sakura_1230@hotmail.com,3,36,37,38,27,29,29,30,31,32,33,34,15,16,17,18,19,20,21,22,23,24,25,26,3,6,7,8,9,10,11,12,13,14,5,4,1
92062754062,Alejandro,Acosta Rincon,alacosta5@hotmail.com,3,36,37,38,27,29,29,30,31,32,33,34,15,16,17,18,19,20,21,22,23,24,25,26,3,6,7,8,9,10,11,12,13,14,5,4,1
1088246747,Oscar Javier,Acosta Rodr,gunsterall4u@hotmail.com,3,36,37,38,27,29,29,30,31,32,33,34,15,16,17,18,19,20,21,22,23,24,25,26,3,6,7,8,9,10,11,12,13,14,5,4,1
1087993978,Diana Marcela,Acosta Rodriguez,dianamarcelacosta@hotmail.com,3,36,37,38,27,29,29,30,31,32,33,34,15,16,17,18,19,20,21,22,23,24,25,26,3,6,7,8,9,10,11,12,13,14,5,4,1
1093214501,Natalia,Acosta S,primaacosta@gmail.com,3,36,37,38,27,29,29,30,31,32,33,34,15,16,17,18,19,20,21,22,23,24,25,26,3,6,7,8,9,10,11,12,13,14,5,4,1
1079032835,Camilo Andr,Acosta Urrego,pentium486x@gmail.com,3,36,37,38,27,29,29,30,31,32,33,34,15,16,17,18,19,20,21,22,23,24,25,26,3,6,7,8,9,10,11,12,13,14,5,4,1
1070618199,Lina Marcela,AcuÒa Torres,berenice232010@hotmail.com,,,,,,,,,,,,,,,,,,,,,,,,,,,,,,,,,,,,,1
52455212,Cardenas,Ada,adakatuf7@hotmail.com,3,36,37,38,27,29,29,30,31,32,33,34,15,16,17,18,19,20,21,22,23,24,25,26,3,6,7,8,9,10,11,12,13,14,5,4,1
1116792067,Tejada Molina,Ada Luz,ada.tejadam@campusucc.edu.co,,,,,,,,,,,,,,,,,,,,,,,,,,,,,,,,,,,,,1
38225020,Oviedo Rodriguez,Ada Merced,amor5585@hotmail.com,,,,,,,,,,,,,,,,,,,,,,,,,,,,,,,,,,,,,1
32709475,Majjul Gomez,Ada Sofia,majjul19@hotmail.com,3,36,37,38,27,29,29,30,31,32,33,34,15,16,17,18,19,20,21,22,23,24,25,26,3,6,7,8,9,10,11,12,13,14,5,4,1
73571346,Araque Angulo,Adair,adairaraque@gmail.com,3,36,37,38,27,29,29,30,31,32,33,34,15,16,17,18,19,20,21,22,23,24,25,26,3,6,7,8,9,10,11,12,13,14,5,4,1
1048286576,Guerrero Santiago,Adalberto,adalbertoguerrerosantiago@gmail.com,3,36,37,38,27,29,29,30,31,32,33,34,15,16,17,18,19,20,21,22,23,24,25,26,3,6,7,8,9,10,11,12,13,14,5,4,1
11051290,Lopez Herrera,Adalberto,clientessuganar@outlook.com,3,36,37,38,27,29,29,30,31,32,33,34,15,16,17,18,19,20,21,22,23,24,25,26,3,6,7,8,9,10,11,12,13,14,5,4,1
70601868,Monsalve,Adalberto,recursoshmaderpol@hotmail.com,3,36,37,38,27,29,29,30,31,32,33,34,15,16,17,18,19,20,21,22,23,24,25,26,3,6,7,8,9,10,11,12,13,14,5,4,1
1045742868,Ortiz Aguas,Adalberto,ADALBERTO-20_00@HOTMAIL.COM,3,36,37,38,27,29,29,30,31,32,33,34,15,16,17,18,19,20,21,22,23,24,25,26,3,6,7,8,9,10,11,12,13,14,5,4,1
8815656,Sarabia Zambrano,Adalberto,adalbertosarabia@instructorcentroinca.com,,,,,,,,,,,,,,,,,,,,,,,,,,,,,,,,,,,,,1
1048275532,Mejia Diaz,Adalberto Antonio,tonh1202@hotmail.com,3,36,37,38,27,29,29,30,31,32,33,34,15,16,17,18,19,20,21,22,23,24,25,26,3,6,7,8,9,10,11,12,13,14,5,4,1
1045679461,Sanjuanelo Orozco,Adalberto De Jesus,a_sanjuanelo89@hotmail.com,3,36,37,38,27,29,29,30,31,32,33,34,15,16,17,18,19,20,21,22,23,24,25,26,3,6,7,8,9,10,11,12,13,14,5,4,1
1043871132,Baradinca Polo,Adalberto Jose,barandica.adalberto@hotmail.com,3,36,37,38,27,29,29,30,31,32,33,34,15,16,17,18,19,20,21,22,23,24,25,26,3,6,7,8,9,10,11,12,13,14,5,4,1
1047217211,Escorcia De La Hoz,Adalberto Jose,thebettos@hotmail.com,3,36,37,38,27,29,29,30,31,32,33,34,15,16,17,18,19,20,21,22,23,24,25,26,3,6,7,8,9,10,11,12,13,14,5,4,1
1048282575,Ortega Chamorro,Adalberto Jose,arquiortega27@gmail.com,3,36,37,38,27,29,29,30,31,32,33,34,15,16,17,18,19,20,21,22,23,24,25,26,3,6,7,8,9,10,11,12,13,14,5,4,1
1140814145,Velilla Duque,Adalberto Jose,velilla0122@Outlook.com,3,36,37,38,27,29,29,30,31,32,33,34,15,16,17,18,19,20,21,22,23,24,25,26,3,6,7,8,9,10,11,12,13,14,5,4,1
1042418672,Rodriguez Rodriguez,Adalgis Del Carmen,magrevamo01@hotmail.com,3,36,37,38,27,29,29,30,31,32,33,34,15,16,17,18,19,20,21,22,23,24,25,26,3,6,7,8,9,10,11,12,13,14,5,4,1
50869469,Gonzalez Humanez,Adalgisa Del Socorro,ganaderosaganar@hotmail.com,3,36,37,38,27,29,29,30,31,32,33,34,15,16,17,18,19,20,21,22,23,24,25,26,3,6,7,8,9,10,11,12,13,14,5,4,1
65759981,Martinez Velasquez,Adalgiza,adamartinezvelasquez@hotmail.com,3,36,37,38,27,29,29,30,31,32,33,34,15,16,17,18,19,20,21,22,23,24,25,26,3,6,7,8,9,10,11,12,13,14,5,4,1
1048268584,Meza De Moya,Adaljadis De Jesus,jadijd@hotmail.com,3,36,37,38,27,29,29,30,31,32,33,34,15,16,17,18,19,20,21,22,23,24,25,26,3,6,7,8,9,10,11,12,13,14,5,4,1
1140880315,Verdugo Almagro,Adamaris,adamarisverdugo@hotmail.com,3,36,37,38,27,29,29,30,31,32,33,34,15,16,17,18,19,20,21,22,23,24,25,26,3,6,7,8,9,10,11,12,13,14,5,4,1
1050957298,Pinedo Espinosa,Adan,adanpinedo@hotmail.com,3,36,37,38,27,29,29,30,31,32,33,34,15,16,17,18,19,20,21,22,23,24,25,26,3,6,7,8,9,10,11,12,13,14,5,4,1
3219708,Tacha,Adan,fuquen3@hotmail.com,3,36,37,38,27,29,29,30,31,32,33,34,15,16,17,18,19,20,21,22,23,24,25,26,3,6,7,8,9,10,11,12,13,14,5,4,1
70082896,Garzon Vallejo,Adan Alberto,agarzon@cystecnologia.com.co,3,36,37,38,27,29,29,30,31,32,33,34,15,16,17,18,19,20,21,22,23,24,25,26,3,6,7,8,9,10,11,12,13,14,5,4,1
51942281,Ramon,Adariana,untoquefutbolero2011@yahoo.com,3,36,37,38,27,29,29,30,31,32,33,34,15,16,17,18,19,20,21,22,23,24,25,26,3,6,7,8,9,10,11,12,13,14,5,4,1
8585027,Talavera,Addiss,addiss05@yahoo.com,3,36,37,38,27,29,29,30,31,32,33,34,15,16,17,18,19,20,21,22,23,24,25,26,3,6,7,8,9,10,11,12,13,14,5,4,1
32882578,Robles,Addys,addy1077@hotmail.com,,,,,,,,,,,,,,,,,,,,,,,,,,,,,,,,,,,,,1
1045693438,Zarate Ruidiaz,Adel Enrique,adlkun@hotmail.com,3,36,37,38,27,29,29,30,31,32,33,34,15,16,17,18,19,20,21,22,23,24,25,26,3,6,7,8,9,10,11,12,13,14,5,4,1
32689451,Bellio,Adela,adelita0414@hotmail.com,,,,,,,,,,,,,,,,,,,,,,,,,,,,,,,,,,,,,1
65779722,Devia,Adela,ximenaquimbaya1612@gmail.com,3,36,37,38,27,29,29,30,31,32,33,34,15,16,17,18,19,20,21,22,23,24,25,26,3,6,7,8,9,10,11,12,13,14,5,4,1
32607695,Lugo,Adela,maniquifull@hotmail.com,3,36,37,38,27,29,29,30,31,32,33,34,15,16,17,18,19,20,21,22,23,24,25,26,3,6,7,8,9,10,11,12,13,14,5,4,1
26529223,Rodriguez Cabrera,Adela,adelarodriguezcabrera@hotmail.com,,,,,,,,,,,,,,,,,,,,,,,,,,,,,,,,,,,,,1
63338328,Santos Mu—oz,Adela,adelasantos09@yahoo.com,3,36,37,38,27,29,29,30,31,32,33,34,15,16,17,18,19,20,21,22,23,24,25,26,3,6,7,8,9,10,11,12,13,14,5,4,1
40822056,Velazco,Adela,adela.velazco@hotmail.com,3,36,37,38,27,29,29,30,31,32,33,34,15,16,17,18,19,20,21,22,23,24,25,26,3,6,7,8,9,10,11,12,13,14,5,4,1
1047227458,Robles Castillo,Adela Carolina,acarolinarobles@hotmail.com,3,36,37,38,27,29,29,30,31,32,33,34,15,16,17,18,19,20,21,22,23,24,25,26,3,6,7,8,9,10,11,12,13,14,5,4,1
22442989,Barrios Donado,Adela Letty,adelabarrios64@hotmail.com,3,36,37,38,27,29,29,30,31,32,33,34,15,16,17,18,19,20,21,22,23,24,25,26,3,6,7,8,9,10,11,12,13,14,5,4,1
1045697407,Perez Urina,Adela Vanessa,vanegirl15_02@hotmail.com,3,36,37,38,27,29,29,30,31,32,33,34,15,16,17,18,19,20,21,22,23,24,25,26,3,6,7,8,9,10,11,12,13,14,5,4,1
42162028,Riverosfl,Adeladel,adenoctam@gmail.com,3,36,37,38,27,29,29,30,31,32,33,34,15,16,17,18,19,20,21,22,23,24,25,26,3,6,7,8,9,10,11,12,13,14,5,4,1
1040033323,Cano Molina,Adelaida,adelaida.cano@apolodev.com,3,36,37,38,27,29,29,30,31,32,33,34,15,16,17,18,19,20,21,22,23,24,25,26,3,6,7,8,9,10,11,12,13,14,5,4,1
26501592,Chavarro Ramos,Adelaida,adechara315@hotmail.com,3,36,37,38,27,29,29,30,31,32,33,34,15,16,17,18,19,20,21,22,23,24,25,26,3,6,7,8,9,10,11,12,13,14,5,4,1
1143951801,Rodriguez Hernandez,Adelaida,ade_921128@hotmail.com,3,36,37,38,27,29,29,30,31,32,33,34,15,16,17,18,19,20,21,22,23,24,25,26,3,6,7,8,9,10,11,12,13,14,5,4,1
1098644029,Tuiran Meneses,Adelaida,adelatm895@hotmail.com,3,36,37,38,27,29,29,30,31,32,33,34,15,16,17,18,19,20,21,22,23,24,25,26,3,6,7,8,9,10,11,12,13,14,5,4,1
63312818,Quevedo Arango,Adelaida Esperanza,ale_0163@hotmail.com,3,36,37,38,27,29,29,30,31,32,33,34,15,16,17,18,19,20,21,22,23,24,25,26,3,6,7,8,9,10,11,12,13,14,5,4,1
34999113,Dereix Martinez,Adelaida Sofia,ganaderosaganar@hotmail.com,3,36,37,38,27,29,29,30,31,32,33,34,15,16,17,18,19,20,21,22,23,24,25,26,3,6,7,8,9,10,11,12,13,14,5,4,1
21242125,Forero Perez,Adelia,gerencia@playdonuts.com,3,36,37,38,27,29,29,30,31,32,33,34,15,16,17,18,19,20,21,22,23,24,25,26,3,6,7,8,9,10,11,12,13,14,5,4,1
52316565,Espitia Gamba,Adelina,adelina.espitia@gmail.com,3,36,37,38,27,29,29,30,31,32,33,34,15,16,17,18,19,20,21,22,23,24,25,26,3,6,7,8,9,10,11,12,13,14,5,4,1
25160882,Osorio Marin,Adelina,mueblesjenifer3000@hotmail.com,3,36,37,38,27,29,29,30,31,32,33,34,15,16,17,18,19,20,21,22,23,24,25,26,3,6,7,8,9,10,11,12,13,14,5,4,1
800212704,Palacios D.,Adelina,fuquen3@hotmail.com,3,36,37,38,27,29,29,30,31,32,33,34,15,16,17,18,19,20,21,22,23,24,25,26,3,6,7,8,9,10,11,12,13,14,5,4,1
32728365,Tamara,Adelina,adelamaria45@hotmail.com,3,36,37,38,27,29,29,30,31,32,33,34,15,16,17,18,19,20,21,22,23,24,25,26,3,6,7,8,9,10,11,12,13,14,5,4,1
55178702,Torres Cuellar,Adelina,adelina.tc@gmail.com,3,36,37,38,27,29,29,30,31,32,33,34,15,16,17,18,19,20,21,22,23,24,25,26,3,6,7,8,9,10,11,12,13,14,5,4,1
52416565,Espitia Gamba,Adelina Espitia,adelinaespitia@yahoo.com,3,36,37,38,27,29,29,30,31,32,33,34,15,16,17,18,19,20,21,22,23,24,25,26,3,6,7,8,9,10,11,12,13,14,5,4,1
65746869,Parra Gonzalez,Adelinda,adel_parra29@gmail.com,3,36,37,38,27,29,29,30,31,32,33,34,15,16,17,18,19,20,21,22,23,24,25,26,3,6,7,8,9,10,11,12,13,14,5,4,1
1116801155,Katerine Neme,Adelis,fredcarmona28@gmail.com,3,36,37,38,27,29,29,30,31,32,33,34,15,16,17,18,19,20,21,22,23,24,25,26,3,6,7,8,9,10,11,12,13,14,5,4,1
79830373,Sabogal Padilla,Adelmo,a.sapadilla2@hotmail.com,3,36,37,38,27,29,29,30,31,32,33,34,15,16,17,18,19,20,21,22,23,24,25,26,3,6,7,8,9,10,11,12,13,14,5,4,1
1102802572,Novoa Carrasco,Adelmo Arturo,adelart1612@hotmail.com,3,36,37,38,27,29,29,30,31,32,33,34,15,16,17,18,19,20,21,22,23,24,25,26,3,6,7,8,9,10,11,12,13,14,5,4,1
47441169,Chiguazuque Granados,Adenis Jazmin,jazmincita2283@hotmail.com,3,36,37,38,27,29,29,30,31,32,33,34,15,16,17,18,19,20,21,22,23,24,25,26,3,6,7,8,9,10,11,12,13,14,5,4,1
71194554,Morales Zabaleta,Ader EliÈcer,adereliecer@hotmail.com,3,36,37,38,27,29,29,30,31,32,33,34,15,16,17,18,19,20,21,22,23,24,25,26,3,6,7,8,9,10,11,12,13,14,5,4,1
1128456738,Cano Betancur,Aderson,andersoncanobetancur91@gmail.com,3,36,37,38,27,29,29,30,31,32,33,34,15,16,17,18,19,20,21,22,23,24,25,26,3,6,7,8,9,10,11,12,13,14,5,4,1
38142081,Becerra,Adiana Milady,davrgstion.humanaibague@gmail.com,3,36,37,38,27,29,29,30,31,32,33,34,15,16,17,18,19,20,21,22,23,24,25,26,3,6,7,8,9,10,11,12,13,14,5,4,1
